{"stat.pickup.minecraft.bone":1,"stat.leaveGame":3,"stat.pickup.minecraft.arrow":1,"stat.pickup.harvestcraft.ryeitem":2,"stat.useItem.minecraft.potion":1,"stat.pickup.harvestcraft.kohlrabiitem":1,"stat.jump":2949,"stat.swimOneCm":1216,"stat.useItem.minecraft.sand":37,"stat.fallOneCm":14278,"stat.drop.minecraft.stone":2,"stat.crouchOneCm":465,"stat.useItem.minecraft.stone_slab2":172,"stat.mineBlock.harvestcraft.frostgarden":5,"stat.craftingTableInteraction":11,"stat.pickup.minecraft.sand":4,"stat.damageTaken":640,"stat.drop.minecraft.bone":1,"stat.flyOneCm":847127,"stat.mineBlock.minecraft.sand":1,"stat.useItem.harvestcraft.rutabagaitem":1,"stat.drop.minecraft.snow_layer":1,"stat.damageDealt":30,"stat.drop.quark.jasper":1,"stat.timeSinceDeath":1168,"stat.pickup.harvestcraft.oatsitem":1,"stat.walkOneCm":56423,"stat.useItem.harvestcraft.peasitem":1,"stat.pickup.minecraft.stick":2,"stat.pickup.harvestcraft.spinachitem":1,"stat.pickup.harvestcraft.peasitem":2,"stat.useItem.harvestcraft.oatsitem":1,"stat.pickup.harvestcraft.celeryitem":1,"stat.drop.quark.variant_leaves":3,"stat.entityKilledBy.Skeleton":2,"stat.sprintOneCm":196381,"stat.pickup.minecraft.gold_ingot":1,"stat.drop.minecraft.potion":1,"stat.useItem.harvestcraft.cottonitem":1,"stat.drop.minecraft.crafting_table":1,"stat.useItem.harvestcraft.celeryitem":1,"stat.pickup.harvestcraft.quinoaitem":1,"stat.pickup.harvestcraft.rutabagaitem":1,"stat.useItem.harvestcraft.raspberryitem":1,"stat.useItem.harvestcraft.ryeitem":2,"stat.deaths":2,"stat.drop":12,"stat.pickup.minecraft.diamond":1,"stat.playOneMinute":79840,"stat.pickup.harvestcraft.raspberryitem":1,"stat.useItem.harvestcraft.kohlrabiitem":1,"stat.pickup.minecraft.red_flower":1,"stat.sneakTime":183,"stat.drop.minecraft.arrow":1,"stat.drop.minecraft.grass":1,"stat.diveOneCm":1801,"stat.pickup.harvestcraft.cottonitem":3}