{"stat.pickup.minecraft.bone":1,"stat.pickup.sync.item_shell_storage":1,"stat.leaveGame":16,"stat.drop.sync.item_shell_storage":1,"stat.swimOneCm":22734,"stat.climbOneCm":4758,"stat.useItem.minecraft.stone_slab2":1377,"stat.pickup.minecraft.sand":4,"stat.useItem.minecraft.egg":1,"stat.flyOneCm":5784571,"stat.mineBlock.minecraft.sand":1,"stat.drop.minecraft.wheat_seeds":1,"stat.useItem.artifacts.everlasting_cooked_beef":6,"stat.drop.minecraft.snow_layer":2,"stat.drop.quark.jasper":1,"stat.timeSinceDeath":281914,"stat.useItem.minecraft.spawn_egg":13,"stat.drop.tconstruct.slime_grass":1,"stat.useItem.harvestcraft.peasitem":1,"stat.craftItem.wings.fairy_dust":1,"stat.pickup.thermalfoundation.material":1,"stat.drop.minecraft.flint_and_steel":1,"stat.drop.minecraft.dirt":1,"stat.pickup.galacticraftcore.oxygen_mask":1,"stat.pickup.harvestcraft.spinachitem":1,"stat.drop.minecraft.spawn_egg":2,"stat.entityKilledBy.Skeleton":2,"stat.pickup.warpdrive.capacitor.superior":1,"stat.drop.minecraft.obsidian":2,"stat.sprintOneCm":828357,"stat.drop.minecraft.potion":1,"stat.useItem.harvestcraft.cottonitem":1,"stat.useItem.minecraft.flint_and_steel":2,"stat.drop.tconstruct.slime_congealed":2,"stat.pickup.harvestcraft.quinoaitem":1,"stat.deaths":2,"stat.drop":48,"stat.pickup.minecraft.egg":1,"stat.playOneMinute":360586,"stat.useItem.sync.item_shell_constructor":3,"stat.drop.minecraft.redstone_block":1,"stat.useItem.harvestcraft.pekingduckitem":17,"stat.mineBlock.minecraft.tallgrass":9,"stat.diveOneCm":10630,"stat.pickup.harvestcraft.cottonitem":3,"stat.pickup.minecraft.arrow":1,"stat.killEntity.Ghast":1,"stat.pickup.harvestcraft.ryeitem":2,"stat.useItem.minecraft.potion":1,"stat.pickup.harvestcraft.kohlrabiitem":1,"stat.jump":10521,"stat.useItem.minecraft.sand":37,"stat.fallOneCm":107165,"stat.drop.minecraft.stone":4,"stat.crouchOneCm":4307,"stat.pickup.minecraft.dirt":1,"stat.mineBlock.harvestcraft.frostgarden":5,"stat.craftingTableInteraction":17,"stat.damageTaken":820,"stat.drop.minecraft.bone":1,"stat.craftItem.wings.amethyst":1,"stat.drop.warpdrive.capacitor.superior":1,"stat.pickup.minecraft.wheat_seeds":1,"stat.useItem.harvestcraft.rutabagaitem":1,"stat.damageDealt":142,"stat.useItem.minecraft.snow_layer":1,"stat.pickup.harvestcraft.oatsitem":1,"stat.useItem.chisel.glowstone1":33,"stat.walkOneCm":282274,"stat.pickup.minecraft.stick":2,"stat.drop.opencomputers.storage":1,"stat.drop.ic2.te":1,"stat.pickup.harvestcraft.peasitem":2,"stat.useItem.harvestcraft.oatsitem":1,"stat.pickup.harvestcraft.celeryitem":1,"stat.drop.minecraft.netherrack":2,"stat.drop.quark.variant_leaves":3,"stat.drop.minecraft.sapling":2,"stat.pickup.minecraft.sapling":4,"stat.pickup.minecraft.gold_ingot":1,"stat.drop.minecraft.lever":1,"stat.drop.minecraft.crafting_table":1,"stat.useItem.harvestcraft.celeryitem":1,"stat.pickup.harvestcraft.rutabagaitem":1,"stat.useItem.harvestcraft.raspberryitem":1,"stat.mobKills":1,"stat.useItem.harvestcraft.ryeitem":2,"stat.pickup.minecraft.diamond":1,"stat.mineBlock.minecraft.leaves":1,"stat.pickup.harvestcraft.raspberryitem":1,"stat.useItem.harvestcraft.kohlrabiitem":1,"stat.pickup.minecraft.red_flower":2,"stat.sneakTime":2195,"stat.drop.minecraft.arrow":1,"stat.drop.galacticraftcore.parachute":1,"stat.drop.minecraft.grass":13}