{"stat.useItem.minecraft.bow":6,"stat.leaveGame":13,"stat.pickup.artifacts.drinking_hat":2,"stat.jump":879,"stat.swimOneCm":2373,"stat.fallOneCm":37047,"stat.crouchOneCm":997,"stat.pickup.artifacts.pocket_piston":1,"stat.pickup.minecraft.dirt":2,"stat.useItem.minecraft.dirt":1,"stat.useItem.minecraft.stone_slab2":545,"stat.pickup.minecraft.rotten_flesh":2,"stat.damageTaken":480,"stat.pickup.artifacts.power_glove":1,"stat.flyOneCm":539327,"stat.pickup.minecraft.wheat_seeds":4,"stat.pickup.artifacts.lucky_horseshoe":1,"stat.drop.minecraft.wheat_seeds":2,"stat.useItem.minecraft.cooked_beef":3,"stat.damageDealt":821,"stat.timeSinceDeath":28140,"stat.killEntity.Cow":2,"stat.mineBlock.minecraft.dirt":2,"stat.pickup.artifacts.obsidian_skull":1,"stat.pickup.artifacts.tiny_shirt":1,"stat.pickup.artifacts.shiny_red_balloon":1,"stat.walkOneCm":96160,"stat.pickup.artifacts.night_vision_goggles":1,"stat.drop.minecraft.red_flower":1,"stat.useItem.generallaymansaestheticspyingscreen.block_glass":2,"stat.entityKilledBy.Skeleton":1,"stat.sprintOneCm":62608,"stat.pickup.minecraft.cooked_beef":4,"stat.killEntity.Skeleton":1,"stat.pickup.generallaymansaestheticspyingscreen.block_glass":9,"stat.pickup.minecraft.grass":1,"stat.mobKills":5,"stat.pickup.artifacts.mechanical_glove":1,"stat.pickup.minecraft.lever":1,"stat.deaths":1,"stat.drop":4,"stat.playOneMinute":56013,"stat.pickup.minecraft.red_flower":1,"stat.sneakTime":677,"stat.pickup.artifacts.panic_necklace":1,"stat.pickup.generallaymansaestheticspyingscreen.block_glass_terminal":1,"stat.killEntity.Zombie":1,"stat.pickup.artifacts.bottled_cloud":1,"stat.mineBlock.generallaymansaestheticspyingscreen.block_glass":8,"stat.pickup.artifacts.fire_gauntlet":1,"stat.drop.minecraft.grass":1,"stat.mineBlock.minecraft.tallgrass":5,"stat.diveOneCm":6042}