{"stat.chestOpened":3,"stat.useItem.minecraft.bow":6,"stat.leaveGame":14,"stat.pickup.openblocks.imaginary":1,"stat.pickup.artifacts.drinking_hat":2,"stat.jump":987,"stat.swimOneCm":2373,"stat.fallOneCm":38405,"stat.pickup.openblocks.sprinkler":1,"stat.crouchOneCm":1171,"stat.pickup.artifacts.pocket_piston":1,"stat.pickup.minecraft.dirt":5,"stat.useItem.minecraft.dirt":3,"stat.useItem.minecraft.stone_slab2":569,"stat.pickup.minecraft.rotten_flesh":2,"stat.damageTaken":490,"stat.pickup.minecraft.monster_egg":64,"stat.pickup.artifacts.power_glove":1,"stat.flyOneCm":557042,"stat.pickup.minecraft.wheat_seeds":4,"stat.pickup.artifacts.lucky_horseshoe":1,"stat.drop.minecraft.wheat_seeds":2,"stat.useItem.minecraft.cooked_beef":3,"stat.damageDealt":831,"stat.timeSinceDeath":40578,"stat.killEntity.Cow":2,"stat.mineBlock.minecraft.dirt":5,"stat.pickup.artifacts.obsidian_skull":1,"stat.pickup.artifacts.tiny_shirt":1,"stat.drop.openblocks.sprinkler":1,"stat.pickup.artifacts.shiny_red_balloon":1,"stat.walkOneCm":110518,"stat.drop.minecraft.tallgrass":1,"stat.pickup.artifacts.night_vision_goggles":1,"stat.pickup.openblocks.vacuum_hopper":1,"stat.drop.minecraft.red_flower":1,"stat.useItem.generallaymansaestheticspyingscreen.block_glass":2,"stat.entityKilledBy.Skeleton":1,"stat.sprintOneCm":67636,"stat.pickup.minecraft.cooked_beef":4,"stat.killEntity.Skeleton":1,"stat.pickup.generallaymansaestheticspyingscreen.block_glass":10,"stat.drop.minecraft.lever":1,"stat.pickup.minecraft.grass":1,"stat.mobKills":6,"stat.useItem.openblocks.imaginary":9,"stat.pickup.artifacts.mechanical_glove":1,"stat.pickup.minecraft.lever":2,"stat.deaths":1,"stat.drop":10,"stat.playOneMinute":68451,"stat.drop.openblocks.imaginary":1,"stat.pickup.minecraft.red_flower":1,"stat.sneakTime":941,"stat.pickup.artifacts.panic_necklace":1,"stat.pickup.generallaymansaestheticspyingscreen.block_glass_terminal":1,"stat.killEntity.Zombie":1,"stat.pickup.artifacts.bottled_cloud":1,"stat.mineBlock.generallaymansaestheticspyingscreen.block_glass":9,"stat.drop.openblocks.vacuum_hopper":1,"stat.pickup.artifacts.fire_gauntlet":1,"stat.drop.minecraft.grass":2,"stat.mineBlock.minecraft.tallgrass":7,"stat.diveOneCm":6042}