{"stat.pickup.minecraft.bone":1,"stat.pickup.sync.item_shell_storage":1,"stat.leaveGame":10,"stat.pickup.minecraft.arrow":1,"stat.pickup.harvestcraft.ryeitem":2,"stat.drop.sync.item_shell_storage":1,"stat.useItem.minecraft.potion":1,"stat.pickup.harvestcraft.kohlrabiitem":1,"stat.jump":7397,"stat.swimOneCm":17406,"stat.useItem.minecraft.sand":37,"stat.fallOneCm":107165,"stat.climbOneCm":3857,"stat.drop.minecraft.stone":2,"stat.crouchOneCm":2656,"stat.useItem.minecraft.stone_slab2":1281,"stat.mineBlock.harvestcraft.frostgarden":5,"stat.craftingTableInteraction":17,"stat.pickup.minecraft.sand":4,"stat.damageTaken":640,"stat.drop.minecraft.bone":1,"stat.craftItem.wings.amethyst":1,"stat.drop.warpdrive.capacitor.superior":1,"stat.flyOneCm":3452994,"stat.mineBlock.minecraft.sand":1,"stat.useItem.harvestcraft.rutabagaitem":1,"stat.drop.minecraft.snow_layer":1,"stat.damageDealt":30,"stat.drop.quark.jasper":1,"stat.timeSinceDeath":169567,"stat.pickup.harvestcraft.oatsitem":1,"stat.useItem.minecraft.spawn_egg":10,"stat.useItem.chisel.glowstone1":33,"stat.walkOneCm":176842,"stat.drop.tconstruct.slime_grass":1,"stat.useItem.harvestcraft.peasitem":1,"stat.pickup.minecraft.stick":2,"stat.craftItem.wings.fairy_dust":1,"stat.drop.minecraft.flint_and_steel":1,"stat.pickup.harvestcraft.spinachitem":1,"stat.drop.opencomputers.storage":1,"stat.drop.ic2.te":1,"stat.pickup.harvestcraft.peasitem":2,"stat.useItem.harvestcraft.oatsitem":1,"stat.pickup.harvestcraft.celeryitem":1,"stat.drop.minecraft.spawn_egg":1,"stat.drop.quark.variant_leaves":3,"stat.entityKilledBy.Skeleton":2,"stat.pickup.warpdrive.capacitor.superior":1,"stat.drop.minecraft.obsidian":1,"stat.sprintOneCm":588316,"stat.pickup.minecraft.gold_ingot":1,"stat.drop.minecraft.potion":1,"stat.useItem.harvestcraft.cottonitem":1,"stat.drop.minecraft.lever":1,"stat.useItem.minecraft.flint_and_steel":1,"stat.drop.minecraft.crafting_table":1,"stat.drop.tconstruct.slime_congealed":2,"stat.useItem.harvestcraft.celeryitem":1,"stat.pickup.harvestcraft.quinoaitem":1,"stat.pickup.harvestcraft.rutabagaitem":1,"stat.useItem.harvestcraft.raspberryitem":1,"stat.useItem.harvestcraft.ryeitem":2,"stat.deaths":2,"stat.drop":36,"stat.pickup.minecraft.diamond":1,"stat.playOneMinute":248239,"stat.pickup.harvestcraft.raspberryitem":1,"stat.useItem.sync.item_shell_constructor":3,"stat.useItem.harvestcraft.kohlrabiitem":1,"stat.pickup.minecraft.red_flower":2,"stat.sneakTime":1618,"stat.drop.minecraft.redstone_block":1,"stat.drop.minecraft.arrow":1,"stat.drop.minecraft.grass":13,"stat.diveOneCm":7066,"stat.pickup.harvestcraft.cottonitem":3}