{"stat.chestOpened":3,"stat.useItem.minecraft.bow":6,"stat.drop.openblocks.projector":1,"stat.leaveGame":15,"stat.pickup.artifacts.drinking_hat":2,"stat.drop.minecraft.enchanted_book":1,"stat.jump":1646,"stat.swimOneCm":2943,"stat.fallOneCm":40286,"stat.pickup.minecraft.enchanted_book":1,"stat.crouchOneCm":2015,"stat.pickup.artifacts.pocket_piston":1,"stat.pickup.minecraft.dirt":7,"stat.useItem.minecraft.dirt":3,"stat.useItem.minecraft.stone_slab2":577,"stat.pickup.minecraft.rotten_flesh":2,"stat.damageTaken":490,"stat.drop.minecraft.map":1,"stat.pickup.openblocks.scaffolding":2,"stat.pickup.minecraft.monster_egg":64,"stat.pickup.artifacts.power_glove":1,"stat.flyOneCm":867629,"stat.pickup.minecraft.wheat_seeds":4,"stat.pickup.artifacts.lucky_horseshoe":1,"stat.drop.minecraft.wheat_seeds":2,"stat.useItem.minecraft.cooked_beef":3,"stat.pickup.openblocks.cartographer":4,"stat.damageDealt":841,"stat.timeSinceDeath":88499,"stat.killEntity.Cow":2,"stat.mineBlock.minecraft.dirt":5,"stat.pickup.artifacts.obsidian_skull":1,"stat.pickup.artifacts.tiny_shirt":1,"stat.pickup.artifacts.shiny_red_balloon":1,"stat.walkOneCm":147387,"stat.drop.minecraft.tallgrass":1,"stat.pickup.artifacts.night_vision_goggles":1,"stat.pickup.openblocks.vacuum_hopper":1,"stat.drop.minecraft.red_flower":1,"stat.useItem.generallaymansaestheticspyingscreen.block_glass":2,"stat.entityKilledBy.Skeleton":1,"stat.sprintOneCm":106489,"stat.pickup.minecraft.cooked_beef":4,"stat.killEntity.Skeleton":1,"stat.pickup.generallaymansaestheticspyingscreen.block_glass":10,"stat.drop.minecraft.lever":1,"stat.pickup.minecraft.grass":1,"stat.useItem.openblocks.paintbrush":60,"stat.drop.minecraft.filled_map":2,"stat.mobKills":6,"stat.pickup.artifacts.mechanical_glove":1,"stat.pickup.minecraft.lever":2,"stat.deaths":1,"stat.drop":15,"stat.playOneMinute":116372,"stat.pickup.minecraft.red_flower":1,"stat.sneakTime":2559,"stat.pickup.artifacts.panic_necklace":1,"stat.pickup.generallaymansaestheticspyingscreen.block_glass_terminal":1,"stat.killEntity.Zombie":1,"stat.pickup.artifacts.bottled_cloud":1,"stat.useItem.minecraft.map":26,"stat.mineBlock.generallaymansaestheticspyingscreen.block_glass":9,"stat.drop.openblocks.vacuum_hopper":1,"stat.pickup.artifacts.fire_gauntlet":1,"stat.drop.minecraft.grass":2,"stat.mineBlock.minecraft.tallgrass":7,"stat.diveOneCm":6401}